{"p": 0.88184, "r": 0.88184, "f1": 0.88184}